[
  {
    "id": 1,
    "title": "Perfumes",
    "content": "Eudora, Avon, Natura, Boticário, QuemDisseBerenice, Hinode",
    "user": "flordecheiro"
  },
  {
    "id": 2,
    "title": "Calçados",
    "content": "Tênis, botas, chinelos, sandálias, sapatos",
    "user": "flordecheiro"
  },
  {
    "id": 3,
    "title": "Roupas",
    "content": "Saias, bermudas, calças, blusas, camisetas",
    "user": "flordecheiro"
  },
  {
    "id": 4,
    "title": "Sabores",
    "content": "Morango, chocolate, uva, limão, abacaxi",
    "user": "flordecheiro"
  }
]