[
  {
    "username": "florbela",
    "password": "$2a$10$UDvyhorgeBwaU3j4NU/xWulOxopiHY2QnoRAHJYynz3bbhbWpx6FW"
  },
  {
    "username": "florquerida",
    "password": "$2a$10$ak36cV5VkQRfWPshfELec.Ws2DBRP8N2km4W0ESSYgVJZw1DLDZae"
  },
  {
    "username": "flordecheiro",
    "password": "$2a$10$xB/hQfs04LONasum5DfjzeRYnNPBZamWM3vfSEpvgzIhEgT.z59oS"
  },
  {
    "username": "flordelotus",
    "password": "$2a$10$y.G.tqV0WfhSWix19TRQsuTwKgzgQWJB7AdzK2Elb1Nioq3EOPYHi"
  },
  {
    "username": "flordepita",
    "password": "$2a$10$VTZcDo/RWeFuM1V1gagjH.JGfMsbY6xBP6lAGxeI41qkRNbF/Kf3u"
  }
]